Date,Open,High,Low,Close,Volume,,,Mean,Std,Min,"25,00%","50,00%","75,00%",Max
16/06/17,"18,22","18,22","17,74","17,78",45422100,,Open,"17,8239189189189","1,29334789348276","15,02","16,64",18,"18,99","20,4"
14/06/17,"18,36","18,49",18,"18,18",25725900,,High,"18,0139527027027","1,28488025842176","15,48","16,8","18,18","19,1725","20,46"
13/06/17,"18,11","18,42","18,11","18,39",13078100,,Low,"17,6293468468469","1,29778521819744","14,95","16,46","17,815","18,7825","20,19"
12/06/17,"18,06","18,2","17,93","18,08",14437400,,Close,"17,8318581081081","1,29491853727385","15,2","16,64",18,"18,9825","20,35"
09/06/17,"18,62","18,67","17,98","18,11",19881100,,Volume,"12126211,9369369","5713186,22994283",2539800,8672325,10896300,14009450,47040600
08/06/17,"18,73","18,79","18,53","18,53",13753000,,,,,,,,,
07/06/17,"19,15","19,21","18,74","18,84",12360300,,,,,,,,,
06/06/17,"18,86","19,18","18,85","19,07",15888200,,,,,,,,,
05/06/17,"18,52","18,98","18,5","18,91",16492100,,,,,,,,,
02/06/17,"18,61","18,76","18,31","18,57",27924500,,,,,,,,,
01/06/17,"18,72","18,83","18,53","18,55",17818500,,,,,,,,,
31/05/17,"18,81","18,88","18,62","18,71",14473800,,,,,,,,,
30/05/17,"18,91","18,94","18,79","18,79",9426700,,,,,,,,,
29/05/17,"18,99","18,99","18,8","18,88",4544200,,,,,,,,,
26/05/17,19,"19,08","18,83","19,03",11818800,,,,,,,,,
25/05/17,"18,96","19,04","18,77","18,92",8840600,,,,,,,,,
24/05/17,"19,08","19,14","18,84","18,86",10182300,,,,,,,,,
23/05/17,"18,57","18,98","18,57","18,89",16456700,,,,,,,,,
22/05/17,"18,44","18,83","18,44","18,57",25818900,,,,,,,,,
19/05/17,"18,68","18,99","18,4","18,62",27392000,,,,,,,,,
18/05/17,"18,25","19,21","18,05","18,8",47040600,,,,,,,,,
17/05/17,"19,67","19,92","19,51","19,64",12201000,,,,,,,,,
16/05/17,"19,68","19,86","19,61","19,82",13410700,,,,,,,,,
15/05/17,"19,7","19,85","19,48","19,74",10806300,,,,,,,,,
12/05/17,"19,57","19,79","19,48","19,69",10653400,,,,,,,,,
11/05/17,"19,15","19,58","19,12","19,53",22815200,,,,,,,,,
10/05/17,19,"19,25","18,94","19,19",11327700,,,,,,,,,
09/05/17,"18,94","19,06","18,8","18,95",11318700,,,,,,,,,
08/05/17,"18,84","18,93","18,77","18,89",9406400,,,,,,,,,
05/05/17,"18,94","19,03","18,86","18,9",8515300,,,,,,,,,
04/05/17,"18,6","19,23","18,47","19,03",35518900,,,,,,,,,
03/05/17,"18,57","18,63","18,34","18,56",9621900,,,,,,,,,
02/05/17,"18,37","18,63","18,27","18,57",11281800,,,,,,,,,
28/04/17,"18,2","18,4","18,12","18,26",10386300,,,,,,,,,
27/04/17,"18,22","18,24","18,01","18,2",12839100,,,,,,,,,
26/04/17,"18,3","18,31","18,1","18,21",7981900,,,,,,,,,
25/04/17,"18,03","18,4","17,97","18,32",12046800,,,,,,,,,
24/04/17,"18,15","18,18","17,96","18,03",9172300,,,,,,,,,
20/04/17,"17,99","18,19","17,92","17,98",11178400,,,,,,,,,
19/04/17,"18,17","18,19","17,99","18,1",24666600,,,,,,,,,
18/04/17,"18,01","18,24","18,01","18,16",11845300,,,,,,,,,
17/04/17,"17,8","18,14","17,72","18,06",11642200,,,,,,,,,
13/04/17,"17,57","17,91","17,5","17,76",14976200,,,,,,,,,
12/04/17,"17,65","17,82","17,56","17,67",19694500,,,,,,,,,
11/04/17,18,"18,06","17,4","17,62",24847000,,,,,,,,,
10/04/17,"18,1","18,14","17,91",18,15470600,,,,,,,,,
07/04/17,18,"18,13","17,92","18,05",8061200,,,,,,,,,
06/04/17,"17,88","18,05","17,77","17,98",9728000,,,,,,,,,
05/04/17,"18,08","18,18","17,81","17,88",8660600,,,,,,,,,
04/04/17,"18,01","18,11","17,88","18,11",5529700,,,,,,,,,
03/04/17,"18,2","18,24",18,18,13484000,,,,,,,,,
31/03/17,"18,22","18,37","18,17","18,24",12278800,,,,,,,,,
30/03/17,"18,17","18,33","18,07","18,27",9164200,,,,,,,,,
29/03/17,"17,94","18,18","17,88","18,18",9497400,,,,,,,,,
28/03/17,"17,75","17,94","17,69","17,94",9857400,,,,,,,,,
27/03/17,"17,53","17,83","17,5","17,79",8715600,,,,,,,,,
24/03/17,"17,43","17,63","17,42","17,63",7800000,,,,,,,,,
23/03/17,"17,19","17,59","17,13","17,44",9142200,,,,,,,,,
22/03/17,"17,37","17,47","17,15","17,31",8523800,,,,,,,,,
21/03/17,"17,7","17,7","17,38","17,42",10136300,,,,,,,,,
20/03/17,"17,35","17,78","17,35","17,64",14222500,,,,,,,,,
17/03/17,"17,34","17,46","17,1","17,21",17096100,,,,,,,,,
16/03/17,"17,31","17,39","17,13","17,28",5854400,,,,,,,,,
15/03/17,"17,01","17,34","17,01","17,3",12782500,,,,,,,,,
14/03/17,"17,31","17,41","17,1","17,1",7289600,,,,,,,,,
13/03/17,"17,35","17,49","17,3","17,36",6253300,,,,,,,,,
10/03/17,"17,35","17,47","17,25","17,3",12386500,,,,,,,,,
09/03/17,"17,1","17,38","17,06","17,3",13084700,,,,,,,,,
08/03/17,"16,83","17,23","16,75","17,12",21297600,,,,,,,,,
07/03/17,"17,2","17,22","16,82","16,82",17651100,,,,,,,,,
06/03/17,"17,34","17,38","17,01","17,25",11989900,,,,,,,,,
03/03/17,"17,27","17,44","17,08","17,39",12016300,,,,,,,,,
02/03/17,"17,3","17,47","17,15","17,21",19515700,,,,,,,,,
01/03/17,"17,99","18,16","17,82","17,91",8762400,,,,,,,,,
24/02/17,18,"18,09","17,79","17,84",12946300,,,,,,,,,
23/02/17,"18,31","18,59","18,11","18,13",10925500,,,,,,,,,
22/02/17,"18,12","18,4","18,11","18,28",11232800,,,,,,,,,
21/02/17,"17,93","18,1","17,85","18,07",8323600,,,,,,,,,
20/02/17,"17,98","18,01","17,78","17,84",3507600,,,,,,,,,
17/02/17,"17,95","18,01","17,8","17,9",7025800,,,,,,,,,
16/02/17,"17,89","18,06","17,85","17,97",12169400,,,,,,,,,
15/02/17,"17,5","18,08","17,46","18,02",18161900,,,,,,,,,
14/02/17,"17,28","17,53","17,23","17,38",10668300,,,,,,,,,
13/02/17,"17,21","17,37","17,06","17,25",8812100,,,,,,,,,
10/02/17,"16,89","17,23","16,79","17,14",12688200,,,,,,,,,
09/02/17,"16,99","17,08","16,83","16,89",11002200,,,,,,,,,
08/02/17,"17,03","17,1","16,81","16,96",13096700,,,,,,,,,
07/02/17,"17,1","17,26","17,02","17,02",9300200,,,,,,,,,
06/02/17,"17,39","17,39","17,03","17,07",6596100,,,,,,,,,
03/02/17,"17,07","17,4","16,94","17,35",13562500,,,,,,,,,
02/02/17,"17,24","17,34","17,11","17,16",6398900,,,,,,,,,
01/02/17,"17,27","17,43","17,23","17,32",10992500,,,,,,,,,
31/01/17,"16,93","17,25","16,91","17,2",7057100,,,,,,,,,
30/01/17,"17,24","17,32","16,89","16,97",6124600,,,,,,,,,
27/01/17,"17,3","17,39","17,02","17,32",13214700,,,,,,,,,
26/01/17,"17,36","17,47","17,3","17,31",7789000,,,,,,,,,
24/01/17,"17,28","17,45","17,13","17,3",11136000,,,,,,,,,
23/01/17,"17,31","17,4","17,17","17,34",6555000,,,,,,,,,
20/01/17,"17,5","17,5","17,17","17,35",9858700,,,,,,,,,
19/01/17,"17,27","17,5","17,15","17,3",10832000,,,,,,,,,
18/01/17,"17,22","17,54","17,05","17,26",18812200,,,,,,,,,
17/01/17,"16,98","17,2","16,8","17,2",18257800,,,,,,,,,
16/01/17,"17,14","17,2","16,9","17,05",8201000,,,,,,,,,
13/01/17,"17,09","17,13","16,77","17,11",10099300,,,,,,,,,
12/01/17,"16,61","17,02","16,55","16,93",18340400,,,,,,,,,
11/01/17,"16,44","16,49","16,17","16,41",9694800,,,,,,,,,
10/01/17,"16,62","16,67","16,31","16,34",7887800,,,,,,,,,
09/01/17,"16,46","16,74","16,37","16,53",8753100,,,,,,,,,
06/01/17,"16,59","16,64","16,36","16,46",7863200,,,,,,,,,
05/01/17,"16,52","16,75","16,48","16,6",11555800,,,,,,,,,
04/01/17,"16,66","16,66","16,43","16,51",9426500,,,,,,,,,
03/01/17,"16,5","16,67","16,44","16,64",9535500,,,,,,,,,
02/01/17,"16,34","16,66","16,26","16,31",4265400,,,,,,,,,
29/12/16,"16,28","16,4","16,16","16,4",8687000,,,,,,,,,
28/12/16,"16,13","16,3","16,12","16,23",5002400,,,,,,,,,
27/12/16,"16,2","16,29","16,07","16,11",5663900,,,,,,,,,
26/12/16,"16,02","16,32","16,02","16,18",2621500,,,,,,,,,
23/12/16,"15,89","16,06","15,86",16,6730800,,,,,,,,,
22/12/16,"16,22","16,24","15,79","15,82",13056700,,,,,,,,,
21/12/16,"16,36","16,51","16,25","16,34",10466100,,,,,,,,,
20/12/16,"16,35","16,53","16,09","16,4",13460100,,,,,,,,,
19/12/16,"16,6","16,75","16,28","16,3",13277100,,,,,,,,,
16/12/16,"16,39","16,71","16,34","16,68",23240300,,,,,,,,,
15/12/16,"16,1","16,53","16,02","16,32",15837600,,,,,,,,,
14/12/16,"16,28","16,47","16,01","16,16",20370100,,,,,,,,,
13/12/16,"16,15","16,35","16,02","16,29",19703600,,,,,,,,,
12/12/16,"16,31","16,34","16,03","16,11",12483300,,,,,,,,,
09/12/16,"16,54","16,8","16,42","16,64",14663500,,,,,,,,,
08/12/16,"16,76","16,85","16,42","16,46",10189000,,,,,,,,,
07/12/16,"16,83","16,89","16,62","16,64",10908100,,,,,,,,,
06/12/16,"16,38","16,75","16,3","16,75",11012400,,,,,,,,,
05/12/16,"16,78","16,87","16,4","16,46",9090100,,,,,,,,,
02/12/16,"16,6","16,71","16,26","16,71",22659500,,,,,,,,,
01/12/16,17,"17,06","16,5","16,63",28765600,,,,,,,,,
30/11/16,"17,29","17,77","17,09","17,15",20399300,,,,,,,,,
29/11/16,"17,47","17,48","17,06","17,06",13470600,,,,,,,,,
28/11/16,"17,25","17,55","17,16","17,55",8694400,,,,,,,,,
25/11/16,"17,25","17,35","17,05","17,23",6446100,,,,,,,,,
24/11/16,"17,63","17,65","17,33","17,35",5978100,,,,,,,,,
23/11/16,"17,16","17,64","17,03","17,64",11650500,,,,,,,,,
22/11/16,"17,64","17,73","17,12","17,17",12788200,,,,,,,,,
21/11/16,"17,33","17,52","17,3","17,45",10984000,,,,,,,,,
18/11/16,"17,62","17,65","17,05","17,32",14795900,,,,,,,,,
17/11/16,"17,93","17,93","17,6","17,62",7932600,,,,,,,,,
16/11/16,"17,35","17,85","17,28","17,83",11543000,,,,,,,,,
14/11/16,"17,39","17,59","17,19","17,3",20266800,,,,,,,,,
11/11/16,"17,66","18,1","17,39","17,45",23948700,,,,,,,,,
10/11/16,"18,04","18,23","17,51","18,05",28019700,,,,,,,,,
09/11/16,"17,78","18,09","17,51","17,93",14829200,,,,,,,,,
08/11/16,18,"18,14","17,79","18,06",8057800,,,,,,,,,
07/11/16,"17,94","18,1","17,77","17,99",11219400,,,,,,,,,
04/11/16,"17,99","18,11","17,68","17,72",20353300,,,,,,,,,
03/11/16,"18,33","18,51","17,88","17,9",22712800,,,,,,,,,
01/11/16,"18,79","18,84","18,33","18,33",19058400,,,,,,,,,
31/10/16,"19,12","19,18","18,83","18,83",17591900,,,,,,,,,
28/10/16,"18,8","19,29","18,72","19,1",35116800,,,,,,,,,
27/10/16,"19,51","19,62","19,43","19,5",7798300,,,,,,,,,
26/10/16,"19,49","19,62","19,37","19,54",9041700,,,,,,,,,
25/10/16,"19,62","19,67","19,47","19,53",9277400,,,,,,,,,
24/10/16,"19,72","19,81","19,64","19,7",10105400,,,,,,,,,
21/10/16,"19,67","19,86","19,5","19,75",21287800,,,,,,,,,
20/10/16,"19,69","19,74","19,54","19,65",4586500,,,,,,,,,
19/10/16,"19,64","19,73","19,59","19,68",5848100,,,,,,,,,
18/10/16,"19,56","19,76","19,45","19,65",12342400,,,,,,,,,
17/10/16,"19,48","19,74","19,35","19,56",9686900,,,,,,,,,
14/10/16,"19,26","19,58","19,18","19,53",20368500,,,,,,,,,
13/10/16,"19,3","19,42","18,92","19,23",21968800,,,,,,,,,
11/10/16,"19,63","19,68","19,39","19,45",14580600,,,,,,,,,
10/10/16,"19,73","19,78","19,63","19,68",6058400,,,,,,,,,
07/10/16,"19,72","19,74","19,51","19,65",10863000,,,,,,,,,
06/10/16,"19,59","19,72","19,48","19,65",13263800,,,,,,,,,
05/10/16,"19,62","19,74","19,55","19,59",8674800,,,,,,,,,
04/10/16,"19,78","19,78","19,49","19,54",15790500,,,,,,,,,
03/10/16,"19,71","19,83","19,66","19,75",14061500,,,,,,,,,
30/09/16,"19,72","19,97","19,72","19,82",8716000,,,,,,,,,
29/09/16,"19,86","19,91","19,61","19,72",9457400,,,,,,,,,
28/09/16,"19,79","19,91","19,69","19,85",8322500,,,,,,,,,
27/09/16,"19,67","19,76","19,46","19,7",7244600,,,,,,,,,
26/09/16,"19,61","19,64","19,49","19,62",7880900,,,,,,,,,
23/09/16,"19,8","19,82","19,61","19,73",9316500,,,,,,,,,
22/09/16,"19,68","19,72","19,54","19,67",10242500,,,,,,,,,
21/09/16,"19,45","19,61","19,29","19,46",9489700,,,,,,,,,
20/09/16,"19,55","19,57","19,39","19,49",8188600,,,,,,,,,
19/09/16,"19,58","19,59","19,35","19,45",6139800,,,,,,,,,
16/09/16,"19,67","19,68","19,33","19,43",12429700,,,,,,,,,
15/09/16,"19,73","19,84","19,67","19,73",5394100,,,,,,,,,
14/09/16,"19,36","19,8","19,25","19,66",11975100,,,,,,,,,
13/09/16,"19,6","19,73","19,32","19,42",15056700,,,,,,,,,
12/09/16,"19,6","19,84","19,6","19,75",14237600,,,,,,,,,
09/09/16,"19,8","19,88","19,66","19,75",17235700,,,,,,,,,
08/09/16,"19,94",20,"19,74",20,18329400,,,,,,,,,
06/09/16,"19,9",20,"19,83",20,12444500,,,,,,,,,
05/09/16,"19,92","19,98","19,76","19,88",4203800,,,,,,,,,
02/09/16,"19,77","19,87","19,67","19,84",16479700,,,,,,,,,
01/09/16,"19,05","19,73","18,99","19,67",27969700,,,,,,,,,
31/08/16,"19,22","19,25","19,04","19,19",17601300,,,,,,,,,
30/08/16,"19,26","19,32","19,13","19,24",7775800,,,,,,,,,
29/08/16,"19,16","19,37","19,04","19,24",13277200,,,,,,,,,
26/08/16,"19,42","19,42","19,09","19,19",11054200,,,,,,,,,
25/08/16,"19,59","19,74","19,26","19,31",14000900,,,,,,,,,
24/08/16,"19,5","19,66","19,46","19,58",8352200,,,,,,,,,
23/08/16,"19,65","19,72","19,51","19,58",12221100,,,,,,,,,
22/08/16,"19,85","19,89","19,53","19,59",10907200,,,,,,,,,
19/08/16,"19,82","19,96","19,75","19,85",6199800,,,,,,,,,
18/08/16,"20,05","20,07","19,8","19,92",9408200,,,,,,,,,
17/08/16,"19,94","20,08","19,81","20,05",25340100,,,,,,,,,
16/08/16,"19,71","20,09","19,71",20,11574400,,,,,,,,,
15/08/16,"19,67","20,04","19,63","19,94",8742000,,,,,,,,,
12/08/16,"19,47","19,78","19,44","19,73",15346400,,,,,,,,,
11/08/16,"19,26","19,5","19,01","19,5",18439000,,,,,,,,,
10/08/16,"19,28","19,3","19,08","19,17",12049000,,,,,,,,,
09/08/16,"19,25","19,34","19,12","19,26",7196400,,,,,,,,,
08/08/16,"18,99","19,32","18,99","19,25",11047100,,,,,,,,,
05/08/16,"18,77","19,1","18,72","19,1",12051400,,,,,,,,,
04/08/16,"18,74","18,81","18,46","18,72",11241800,,,,,,,,,
03/08/16,"18,75","18,83","18,59","18,64",11587200,,,,,,,,,
02/08/16,"18,93","18,97","18,72","18,84",7868400,,,,,,,,,
01/08/16,"18,89","19,06","18,63",19,10199500,,,,,,,,,
29/07/16,"18,92","19,06","18,71","18,8",32526200,,,,,,,,,
28/07/16,"19,3","19,46","19,22","19,44",7427600,,,,,,,,,
27/07/16,"19,45","19,45","19,26","19,32",6198000,,,,,,,,,
26/07/16,"19,4","19,52","19,2","19,35",7288800,,,,,,,,,
25/07/16,"19,32","19,42","19,19","19,39",9494100,,,,,,,,,
22/07/16,"19,24","19,46","19,11","19,39",8896300,,,,,,,,,
21/07/16,"19,12","19,25","18,95","19,2",7727600,,,,,,,,,
20/07/16,"19,12","19,26","19,01","19,12",9960100,,,,,,,,,
19/07/16,"19,05","19,19","18,97","19,17",8887600,,,,,,,,,
18/07/16,"18,95","19,1","18,91","19,06",11527100,,,,,,,,,
15/07/16,"19,09","19,1","18,85","18,95",8993300,,,,,,,,,
14/07/16,"19,2","19,2","19,01","19,1",16508600,,,,,,,,,
13/07/16,"19,15","19,22","19,02","19,1",11296800,,,,,,,,,
12/07/16,"19,36","19,39","19,21","19,3",7600000,,,,,,,,,
11/07/16,"19,45","19,45","19,21","19,4",10295700,,,,,,,,,
08/07/16,"19,18","19,57","19,1","19,4",12454400,,,,,,,,,
07/07/16,"19,18","19,3","19,01","19,1",8912100,,,,,,,,,
06/07/16,"19,23","19,28","18,97","19,18",11237100,,,,,,,,,
05/07/16,"18,97","19,32","18,96","19,29",13360700,,,,,,,,,
04/07/16,"19,22","19,29","18,98","19,06",6685900,,,,,,,,,
01/07/16,"19,08","19,22","18,99","19,22",22751300,,,,,,,,,
30/06/16,19,"19,11","18,8","19,05",15320000,,,,,,,,,
29/06/16,"18,92","19,13","18,78","19,02",14035100,,,,,,,,,
28/06/16,"18,9","18,94","18,66","18,75",13425200,,,,,,,,,
27/06/16,"18,28","18,87","18,22","18,71",10172100,,,,,,,,,
24/06/16,"18,1","18,54","18,07","18,48",11674400,,,,,,,,,
23/06/16,"18,4","18,65","18,38","18,51",7579900,,,,,,,,,
22/06/16,"18,59","18,62","18,24","18,32",15293900,,,,,,,,,
21/06/16,"18,66","18,69","18,49","18,58",13338100,,,,,,,,,
20/06/16,"18,73","18,84","18,5","18,59",12832200,,,,,,,,,
17/06/16,"18,77","18,79","18,38","18,61",15914600,,,,,,,,,
16/06/16,"18,32","18,78","18,32","18,67",9980800,,,,,,,,,
15/06/16,"18,6","18,76","18,3","18,48",18855800,,,,,,,,,
14/06/16,"18,85","18,89","18,42","18,57",16100200,,,,,,,,,
13/06/16,"18,57","18,95","18,57","18,91",8281000,,,,,,,,,
10/06/16,"19,15","19,15","18,72","18,72",12842400,,,,,,,,,
09/06/16,"19,2","19,29","19,04","19,16",8334600,,,,,,,,,
08/06/16,"19,05","19,34","18,98","19,27",16167600,,,,,,,,,
07/06/16,"19,37","19,41","18,97","19,09",12641200,,,,,,,,,
06/06/16,"19,48","19,6","19,32","19,42",8484400,,,,,,,,,
03/06/16,"19,34","19,58","19,27","19,5",15218200,,,,,,,,,
02/06/16,"19,3","19,31","19,07","19,28",12174300,,,,,,,,,
01/06/16,"18,99","19,37","18,9","19,34",12641000,,,,,,,,,
31/05/16,"19,1","19,23","18,95","19,11",21745400,,,,,,,,,
30/05/16,"19,19","19,26","19,07","19,15",3840600,,,,,,,,,
27/05/16,"18,95","19,38","18,93","19,3",15249100,,,,,,,,,
25/05/16,"18,75","19,17","18,68","18,98",21082200,,,,,,,,,
24/05/16,"18,55","18,74","18,43","18,69",7030400,,,,,,,,,
23/05/16,"18,32","18,51","18,31","18,44",8803400,,,,,,,,,
20/05/16,"18,6","18,71","18,51","18,54",7361900,,,,,,,,,
19/05/16,"18,32","18,68","18,3","18,6",12226000,,,,,,,,,
18/05/16,"18,49","18,67","18,37","18,4",12829900,,,,,,,,,
17/05/16,"18,72","18,77","18,43","18,56",11176700,,,,,,,,,
16/05/16,"18,6","18,86","18,6","18,77",6376500,,,,,,,,,
13/05/16,"19,25","19,25","18,71","18,76",10128100,,,,,,,,,
12/05/16,"18,97","19,26","18,81","19,18",23565200,,,,,,,,,
11/05/16,"19,2","19,21","18,81","18,86",10651400,,,,,,,,,
10/05/16,"19,1","19,11","18,81","19,09",12172500,,,,,,,,,
09/05/16,"18,78","19,06","18,6","18,89",18471600,,,,,,,,,
06/05/16,"19,09","19,25","18,82","18,84",10961600,,,,,,,,,
05/05/16,"19,58","19,59","19,11","19,14",11505500,,,,,,,,,
04/05/16,"19,28","19,62","19,09","19,6",18980000,,,,,,,,,
03/05/16,"19,37","19,71","19,21","19,59",14308400,,,,,,,,,
02/05/16,"19,35","19,59","19,35","19,51",10835500,,,,,,,,,
29/04/16,"19,45","19,45","19,08","19,39",23821800,,,,,,,,,
28/04/16,"19,33","19,53","19,26","19,46",11968200,,,,,,,,,
27/04/16,"19,33","19,43","19,17","19,36",17887200,,,,,,,,,
26/04/16,"19,21","19,25","19,06","19,24",13140700,,,,,,,,,
25/04/16,"19,2","19,23","19,05","19,13",5572900,,,,,,,,,
22/04/16,"18,86","19,45","18,86","19,16",12387400,,,,,,,,,
20/04/16,"19,01","19,28","19,01","19,2",13661500,,,,,,,,,
19/04/16,19,"19,29","18,82","19,16",10829400,,,,,,,,,
18/04/16,"18,99","19,12","18,8","18,96",13389700,,,,,,,,,
15/04/16,"18,78","19,05","18,69","18,99",14982900,,,,,,,,,
14/04/16,"18,39","18,84","18,35","18,74",16363900,,,,,,,,,
13/04/16,"18,56","18,71","18,37","18,39",19828700,,,,,,,,,
12/04/16,"18,22","18,45","18,15","18,37",10876600,,,,,,,,,
11/04/16,"18,7","18,71","18,2","18,2",14472800,,,,,,,,,
08/04/16,"18,82","18,96","18,4","18,57",17367200,,,,,,,,,
07/04/16,"18,7","18,95","18,55","18,57",8010200,,,,,,,,,
06/04/16,"18,56","18,73","18,45","18,58",6597800,,,,,,,,,
05/04/16,"18,49","18,87","18,4","18,79",7871300,,,,,,,,,
04/04/16,"18,7","18,73","18,46","18,58",8557100,,,,,,,,,
01/04/16,"18,53","18,99","18,53","18,86",14932800,,,,,,,,,
31/03/16,"18,91","19,05","18,6","18,82",16739300,,,,,,,,,
30/03/16,"19,5","19,5","19,12","19,15",11040100,,,,,,,,,
29/03/16,"19,32","19,57","19,26","19,34",20844000,,,,,,,,,
28/03/16,"19,15","19,37","19,07","19,3",12372300,,,,,,,,,
24/03/16,"18,89","19,2","18,84",19,20998600,,,,,,,,,
23/03/16,"18,64","19,09","18,6",19,19011000,,,,,,,,,
22/03/16,"18,7","18,74","18,49","18,74",10425400,,,,,,,,,
21/03/16,"18,32","18,78","18,32","18,73",14698900,,,,,,,,,
18/03/16,"18,79","18,89","18,37","18,42",26770700,,,,,,,,,
17/03/16,"18,7","18,74","18,32","18,73",26720700,,,,,,,,,
16/03/16,"18,18","18,3","17,87","18,29",12526400,,,,,,,,,
15/03/16,"17,9","18,3","17,8","18,3",12347400,,,,,,,,,
14/03/16,"18,25","18,34","17,92","18,04",10950700,,,,,,,,,
11/03/16,"18,52","18,78","18,04","18,22",22639400,,,,,,,,,
10/03/16,"18,77","18,97","18,24","18,63",28065400,,,,,,,,,
09/03/16,"19,24","19,25","18,58","18,65",21459800,,,,,,,,,
08/03/16,"19,19","19,22","18,84","19,05",23245800,,,,,,,,,
07/03/16,"19,2","19,39","18,94","19,17",17079300,,,,,,,,,
04/03/16,"18,79","19,2","18,61","19,11",37209600,,,,,,,,,
03/03/16,"18,27","18,59","18,15","18,44",21509400,,,,,,,,,
02/03/16,"18,3","18,38","17,95","18,14",16032100,,,,,,,,,
01/03/16,"17,78","18,39","17,67","18,25",17549200,,,,,,,,,
29/02/16,"17,9","17,99","17,51","17,64",15340300,,,,,,,,,
26/02/16,"17,89","17,93","17,51","17,63",9258400,,,,,,,,,
25/02/16,"17,68","17,85","17,47","17,71",15404600,,,,,,,,,
24/02/16,"18,06","18,18","17,85","18,18",10037500,,,,,,,,,
23/02/16,"18,65","18,65","18,1","18,26",11394800,,,,,,,,,
22/02/16,"18,66","18,82","18,44","18,59",14696300,,,,,,,,,
19/02/16,"18,25","18,39","18,11","18,32",6644100,,,,,,,,,
18/02/16,"18,12","18,4","18,09","18,4",9991500,,,,,,,,,
17/02/16,"18,15","18,64","18,02","18,26",18798000,,,,,,,,,
16/02/16,"17,98","18,23","17,88","17,97",10301800,,,,,,,,,
15/02/16,"18,08","18,18","17,85","17,92",6378400,,,,,,,,,
12/02/16,"17,98","18,07","17,77","17,92",9627500,,,,,,,,,
11/02/16,"17,66","17,86","17,53","17,85",11956300,,,,,,,,,
10/02/16,"17,96",18,"17,57","17,94",11694700,,,,,,,,,
05/02/16,"18,4","18,65","18,08","18,14",10973700,,,,,,,,,
04/02/16,"18,34","18,68","18,25","18,36",18556300,,,,,,,,,
03/02/16,"18,12","18,15","17,6","18,1",11406600,,,,,,,,,
02/02/16,"18,11","18,4","17,92","17,98",16351800,,,,,,,,,
01/02/16,"18,31","18,55","17,91","18,4",12665300,,,,,,,,,
29/01/16,"18,1","18,66","17,96","18,66",20667000,,,,,,,,,
28/01/16,"17,84","18,31","17,52","17,89",17343800,,,,,,,,,
27/01/16,"16,81","17,96","16,8","17,82",28371900,,,,,,,,,
26/01/16,"16,7","16,89","16,55","16,84",13892700,,,,,,,,,
22/01/16,"16,42","16,85","16,42","16,85",15564500,,,,,,,,,
21/01/16,"16,53","16,65","16,2","16,32",11049800,,,,,,,,,
20/01/16,"16,53","16,74","16,31","16,54",12363400,,,,,,,,,
19/01/16,"16,51","16,85","16,41","16,75",9628400,,,,,,,,,
18/01/16,"16,53","16,56","16,24","16,24",9267800,,,,,,,,,
15/01/16,"16,65","16,7","15,99","16,59",19870300,,,,,,,,,
14/01/16,"16,94","16,94","16,52","16,85",12325600,,,,,,,,,
13/01/16,"17,12","17,25","16,72","16,83",10709300,,,,,,,,,
12/01/16,"16,94","17,04","16,78","16,98",9573800,,,,,,,,,
11/01/16,"17,19","17,29","16,75","16,8",12772700,,,,,,,,,
08/01/16,"16,93","17,2","16,93","17,07",10684000,,,,,,,,,
07/01/16,"17,17","17,32","16,85","16,85",15316400,,,,,,,,,
06/01/16,"17,36","17,48","17,2","17,31",7739100,,,,,,,,,
05/01/16,"17,25","17,52","17,11","17,48",10774200,,,,,,,,,
04/01/16,"17,73","17,73","17,21","17,21",13206900,,,,,,,,,
30/12/15,"18,11","18,29","17,85","17,85",12124900,,,,,,,,,
29/12/15,"18,09","18,29","18,05","18,2",5349200,,,,,,,,,
28/12/15,"18,12","18,22",18,"18,14",6944200,,,,,,,,,
23/12/15,"18,05","18,25","17,9","18,2",17338900,,,,,,,,,
22/12/15,18,"18,03","17,63","17,95",8177900,,,,,,,,,
21/12/15,"17,8","18,3","17,8",18,10020100,,,,,,,,,
18/12/15,"17,85","18,11","17,65","17,8",17606900,,,,,,,,,
17/12/15,"18,45","18,84","17,99","18,15",12171600,,,,,,,,,
16/12/15,"17,77","18,25","17,71","18,14",7503000,,,,,,,,,
15/12/15,"18,15","18,28","17,85","17,85",7731000,,,,,,,,,
14/12/15,"18,25","18,35",18,"18,05",5569100,,,,,,,,,
11/12/15,"18,21","18,58","18,17","18,28",12955200,,,,,,,,,
10/12/15,"18,56","18,56","18,12","18,3",7614900,,,,,,,,,
09/12/15,"18,39","18,71","18,25","18,48",16405500,,,,,,,,,
08/12/15,"18,6","18,72","18,1","18,14",11314500,,,,,,,,,
07/12/15,"18,64","18,78","18,5","18,6",8867400,,,,,,,,,
04/12/15,"18,69","18,88","18,48","18,54",10023600,,,,,,,,,
03/12/15,"19,05","19,08","18,56","18,75",12202900,,,,,,,,,
02/12/15,"18,67","18,75","18,42","18,44",14091700,,,,,,,,,
01/12/15,"18,68","18,78","18,5","18,73",20948100,,,,,,,,,
30/11/15,"18,45","18,98","18,4","18,64",39752000,,,,,,,,,
27/11/15,"18,77","18,81","18,55","18,57",9033800,,,,,,,,,
26/11/15,"18,6","18,88","18,58","18,81",7714800,,,,,,,,,
25/11/15,"18,72","18,89","18,44","18,6",18368400,,,,,,,,,
24/11/15,"19,05","19,07","18,76","18,94",6857400,,,,,,,,,
23/11/15,"19,36","19,5","19,03","19,06",13872300,,,,,,,,,
19/11/15,"19,41","19,45","19,17","19,35",11739300,,,,,,,,,
18/11/15,"19,12","19,42","19,07","19,17",8336700,,,,,,,,,
17/11/15,"19,3","19,3","19,08","19,12",6543500,,,,,,,,,
16/11/15,"19,06","19,24","18,89","19,05",13417700,,,,,,,,,
13/11/15,"18,89","19,19","18,77","19,1",9261500,,,,,,,,,
12/11/15,"19,05","19,3","18,8","18,89",9162900,,,,,,,,,
11/11/15,"18,71","19,08","18,7","19,06",10481500,,,,,,,,,
10/11/15,"18,57","18,69","18,2","18,63",9017200,,,,,,,,,
09/11/15,"18,97","19,1","18,53","18,7",7913700,,,,,,,,,
06/11/15,"19,37","19,44","18,86","18,97",8697400,,,,,,,,,
05/11/15,"19,49","19,66","19,24","19,46",9070300,,,,,,,,,
04/11/15,"19,69","19,79","19,25","19,6",10099700,,,,,,,,,
03/11/15,"19,1","19,6","18,94","19,6",13346300,,,,,,,,,
30/10/15,"18,87","19,26","18,7","19,09",11810200,,,,,,,,,
29/10/15,"19,12","19,38",19,19,9314100,,,,,,,,,
28/10/15,"19,65","19,67","19,27","19,43",16007900,,,,,,,,,
27/10/15,"19,6","19,86","19,47","19,81",13470900,,,,,,,,,
26/10/15,"19,8","19,87","19,57","19,68",7086000,,,,,,,,,
23/10/15,"20,04","20,04","19,68","19,77",8594600,,,,,,,,,
22/10/15,"19,71","19,94","19,5","19,66",15156500,,,,,,,,,
21/10/15,"19,65","19,89","19,54","19,7",11834300,,,,,,,,,
20/10/15,"19,43","19,58","19,22","19,58",8180800,,,,,,,,,
19/10/15,"19,3","19,47","19,11","19,47",7614400,,,,,,,,,
16/10/15,"19,15","19,46","18,85","19,29",12113300,,,,,,,,,
15/10/15,"18,54","19,21","18,26","19,11",22542700,,,,,,,,,
14/10/15,"18,7","19,06","18,3","18,4",33609000,,,,,,,,,
13/10/15,"19,75","19,75","18,52","18,7",26257200,,,,,,,,,
09/10/15,"19,95","19,95","19,38","19,79",10726000,,,,,,,,,
08/10/15,20,"20,14","19,53","19,68",16571100,,,,,,,,,
07/10/15,"20,11","20,15","19,84",20,14604700,,,,,,,,,
06/10/15,"20,4","20,44","19,72","19,89",11674100,,,,,,,,,
05/10/15,"20,33","20,46","20,19","20,35",7807400,,,,,,,,,
02/10/15,"19,59","20,12","19,56","20,06",10161100,,,,,,,,,
01/10/15,"19,41","19,81","19,35","19,7",11087300,,,,,,,,,
30/09/15,"19,6","19,75","19,35","19,42",11798200,,,,,,,,,
29/09/15,"19,28","19,53","19,2","19,36",9025100,,,,,,,,,
28/09/15,"19,32","19,41","19,05","19,28",8005900,,,,,,,,,
25/09/15,"19,3","19,72","19,04","19,3",8936200,,,,,,,,,
24/09/15,"18,85","19,33","18,71","19,12",12373800,,,,,,,,,
23/09/15,"19,42","19,44","19,1","19,17",14421300,,,,,,,,,
22/09/15,"19,21","19,44","19,08","19,4",12317400,,,,,,,,,
21/09/15,"19,26","19,6","19,21","19,33",8210100,,,,,,,,,
18/09/15,"19,3","19,77","19,22","19,47",17660500,,,,,,,,,
17/09/15,"19,27","19,77","19,26","19,49",15086700,,,,,,,,,
16/09/15,"19,5","19,63","19,22","19,45",33062500,,,,,,,,,
15/09/15,"18,94","19,2","18,81","19,06",12594200,,,,,,,,,
14/09/15,"18,9","19,03","18,68","18,86",16201500,,,,,,,,,
11/09/15,"19,08","19,13","18,75","18,86",12003400,,,,,,,,,
10/09/15,"18,62","19,44","18,55","19,17",15595200,,,,,,,,,
09/09/15,"19,65","19,82","19,14","19,21",12535200,,,,,,,,,
08/09/15,"20,07","20,18","19,45","19,61",12947400,,,,,,,,,
04/09/15,"19,45","19,87","19,38","19,85",28728600,,,,,,,,,
03/09/15,"19,28","19,68","18,96","19,63",19090100,,,,,,,,,
02/09/15,"18,87","19,17","18,65","19,14",16687100,,,,,,,,,
01/09/15,"18,65",19,"18,62","18,71",14910000,,,,,,,,,
31/08/15,19,"19,15","18,55","19,09",20812000,,,,,,,,,
28/08/15,"19,02","19,2","18,82","19,2",11627800,,,,,,,,,
27/08/15,19,"19,35","18,75","19,1",15898200,,,,,,,,,
26/08/15,"18,52","18,9","18,43","18,85",14146500,,,,,,,,,
25/08/15,"18,38","18,6","18,1","18,4",22123700,,,,,,,,,
24/08/15,"17,35","18,09","16,96","17,96",25827300,,,,,,,,,
21/08/15,"18,32","18,43","18,04","18,13",11858300,,,,,,,,,
20/08/15,"18,05","18,52","17,93","18,43",12282700,,,,,,,,,
19/08/15,"18,56","18,8","18,15","18,2",16320900,,,,,,,,,
18/08/15,"18,54","19,23","18,46","18,78",18256100,,,,,,,,,
17/08/15,"18,6","18,75","18,5","18,55",10600600,,,,,,,,,
14/08/15,"18,68","18,8","18,56","18,61",8435300,,,,,,,,,
13/08/15,"18,97","19,14","18,61","18,75",11002300,,,,,,,,,
12/08/15,"19,5","19,65","18,78","18,84",26113200,,,,,,,,,
11/08/15,"19,57","19,62","19,35","19,55",10770600,,,,,,,,,
10/08/15,"19,52","19,7","19,44","19,57",8286700,,,,,,,,,
07/08/15,"19,76","19,85","19,37","19,52",10011300,,,,,,,,,
06/08/15,"19,82","20,06","19,71","19,86",13424700,,,,,,,,,
05/08/15,"19,8","19,95","19,57","19,95",8111000,,,,,,,,,
04/08/15,"19,46","19,74","19,46","19,73",9222400,,,,,,,,,
03/08/15,"19,35","19,64","19,32","19,53",8570000,,,,,,,,,
31/07/15,"19,02","19,48","18,96","19,46",13203000,,,,,,,,,
30/07/15,"18,77","18,98","18,69","18,91",9676500,,,,,,,,,
29/07/15,"18,65","18,95","18,61","18,75",13330000,,,,,,,,,
28/07/15,"18,8","18,9","18,39","18,79",13941200,,,,,,,,,
27/07/15,"18,93","19,04","18,64","18,73",10821000,,,,,,,,,
24/07/15,"19,23","19,28","18,91","19,04",12372000,,,,,,,,,
23/07/15,"19,33","19,48","19,15","19,29",12326100,,,,,,,,,
22/07/15,"19,48","19,78","19,34","19,5",7768000,,,,,,,,,
21/07/15,"19,78","19,85","19,47","19,6",7528500,,,,,,,,,
20/07/15,"19,71","19,82","19,6","19,68",9054700,,,,,,,,,
17/07/15,"19,69","19,89","19,62","19,72",10817100,,,,,,,,,
16/07/15,"19,8","19,89","19,56","19,69",9763500,,,,,,,,,
15/07/15,"19,53","19,7","19,53","19,69",9497700,,,,,,,,,
14/07/15,"19,51","19,7","19,44","19,61",8958000,,,,,,,,,
13/07/15,"19,57","19,75","19,53","19,57",10116900,,,,,,,,,
10/07/15,"19,3","19,61","19,2","19,5",15705400,,,,,,,,,
08/07/15,"19,24","19,34","19,09","19,14",8616200,,,,,,,,,
07/07/15,"19,07","19,35","19,03","19,25",9569500,,,,,,,,,
06/07/15,"18,97","19,28","18,95","19,2",6963600,,,,,,,,,
03/07/15,"19,01","19,2","18,92","19,18",3031200,,,,,,,,,
02/07/15,"19,23","19,34","19,02","19,08",9201600,,,,,,,,,
01/07/15,"19,05","19,27","19,05","19,1",10344700,,,,,,,,,
30/06/15,19,"19,17","18,94","19,1",19365900,,,,,,,,,
29/06/15,"19,1","19,1","18,91",19,5843400,,,,,,,,,
26/06/15,"18,89","19,24","18,86","19,18",9694500,,,,,,,,,
25/06/15,"18,93","18,98","18,75","18,94",8472500,,,,,,,,,
24/06/15,"19,02","19,13","18,89","18,95",6398300,,,,,,,,,
23/06/15,"19,1","19,2","18,97","18,98",6452700,,,,,,,,,
22/06/15,"18,98","19,16","18,88","18,97",10318400,,,,,,,,,
19/06/15,"18,59","18,91","18,59","18,9",11932600,,,,,,,,,
18/06/15,"18,74","18,93","18,46","18,8",10702500,,,,,,,,,
17/06/15,"18,65","18,74","18,5","18,69",9258900,,,,,,,,,
16/06/15,"18,55","18,87","18,47","18,74",12984300,,,,,,,,,
15/06/15,"18,53","18,56","18,35","18,42",9199200,,,,,,,,,
12/06/15,"18,63","18,81","18,61","18,68",6755400,,,,,,,,,
11/06/15,"18,81","18,99","18,67","18,75",12087100,,,,,,,,,
10/06/15,"18,68","18,83","18,51","18,8",10230100,,,,,,,,,
09/06/15,"18,45","18,56","18,4","18,46",15661000,,,,,,,,,
08/06/15,"18,66","18,81","18,49","18,53",12834200,,,,,,,,,
05/06/15,"18,5","18,65","18,34","18,65",14784300,,,,,,,,,
03/06/15,"18,57","18,57","18,09","18,4",11663500,,,,,,,,,
02/06/15,"18,58","18,62","18,4","18,58",11722600,,,,,,,,,
01/06/15,"18,5","18,67","18,48","18,53",7809400,,,,,,,,,
29/05/15,"18,35","18,55","18,22","18,4",19329900,,,,,,,,,
28/05/15,"18,3","18,54","18,15","18,48",8891700,,,,,,,,,
27/05/15,"18,45","18,57","18,27","18,47",9093600,,,,,,,,,
26/05/15,"18,68","18,9","18,45","18,54",9763900,,,,,,,,,
25/05/15,"18,74","18,95","18,59","18,83",2539800,,,,,,,,,
22/05/15,"18,88","18,99","18,59","18,78",12215400,,,,,,,,,
21/05/15,"18,51","18,89","18,45","18,78",10045600,,,,,,,,,
20/05/15,19,"19,09","18,66","18,71",10649300,,,,,,,,,
19/05/15,"19,38","19,43","19,15","19,26",7836400,,,,,,,,,
18/05/15,"19,58","19,76","19,25","19,36",11168900,,,,,,,,,
15/05/15,"19,34","19,65","19,34","19,58",9203800,,,,,,,,,
14/05/15,"19,55","19,67","19,32","19,44",7155300,,,,,,,,,
13/05/15,"19,48","19,52","19,26","19,42",6846500,,,,,,,,,
12/05/15,"19,68","19,79","19,44","19,54",10022200,,,,,,,,,
11/05/15,"19,75","19,88","19,65","19,82",4960000,,,,,,,,,
08/05/15,"19,78","19,92","19,52","19,85",10499200,,,,,,,,,
07/05/15,"19,72","19,78","19,46","19,6",6525000,,,,,,,,,
06/05/15,"19,75","20,29","19,54","19,7",19195500,,,,,,,,,
05/05/15,"19,2","19,73","19,13","19,61",11324000,,,,,,,,,
04/05/15,"19,03","19,48",19,"19,35",9755400,,,,,,,,,
30/04/15,"18,75",19,"18,75","18,94",9193400,,,,,,,,,
29/04/15,"18,77","18,91","18,73","18,83",8726800,,,,,,,,,
28/04/15,"18,99","18,99","18,61","18,89",10109400,,,,,,,,,
27/04/15,"18,99","19,05","18,71","18,8",12539800,,,,,,,,,
24/04/15,"19,03","19,1","18,85","18,9",9041000,,,,,,,,,
23/04/15,"18,92","19,05","18,71","18,88",11415800,,,,,,,,,
22/04/15,"18,97",19,"18,73","18,95",10214600,,,,,,,,,
20/04/15,19,"19,18","18,75","18,9",9627900,,,,,,,,,
17/04/15,19,"19,19","18,94","18,95",9314600,,,,,,,,,
16/04/15,"19,04","19,13","18,93","19,1",10074900,,,,,,,,,
15/04/15,"19,29","19,36",19,"19,1",11149800,,,,,,,,,
14/04/15,"19,52","19,54","19,06","19,1",8859300,,,,,,,,,
13/04/15,"19,41","19,61","19,41","19,47",7722100,,,,,,,,,
10/04/15,"19,29","19,59","19,25","19,5",10289000,,,,,,,,,
09/04/15,"19,38","19,62","19,22","19,35",8766300,,,,,,,,,
08/04/15,"19,64","19,69","19,3","19,45",10816400,,,,,,,,,
07/04/15,"19,39","19,6","19,25","19,43",10731200,,,,,,,,,
06/04/15,"18,99","19,38","18,92","19,23",10224800,,,,,,,,,
02/04/15,"18,85","19,06","18,69","18,86",16122000,,,,,,,,,
01/04/15,"18,65",19,"18,42","18,88",19413000,,,,,,,,,
31/03/15,"18,4","18,61","18,32","18,45",8446100,,,,,,,,,
30/03/15,"18,27","18,65","18,27","18,64",7543100,,,,,,,,,
27/03/15,"18,08","18,37",18,"18,24",9182800,,,,,,,,,
26/03/15,"18,33","18,38","18,02","18,1",15598100,,,,,,,,,
25/03/15,"18,74","18,9","18,38","18,43",10358300,,,,,,,,,
24/03/15,"18,85","18,89","18,42","18,53",7735300,,,,,,,,,
23/03/15,"18,71","18,97","18,57","18,8",8732600,,,,,,,,,
20/03/15,"18,66","18,9","18,57","18,64",16535400,,,,,,,,,
19/03/15,"18,39","18,6","18,3","18,49",7151300,,,,,,,,,
18/03/15,"18,14","18,7","18,08","18,46",14070700,,,,,,,,,
17/03/15,"18,18","18,31","18,03","18,22",11034600,,,,,,,,,
16/03/15,"18,25","18,36","17,96","18,03",7741900,,,,,,,,,
13/03/15,"17,59","18,19","17,5","18,09",16189200,,,,,,,,,
12/03/15,"18,3","18,37","17,84","18,06",11589900,,,,,,,,,
11/03/15,"17,65","18,15","17,6","18,11",9870000,,,,,,,,,
10/03/15,"18,18","18,29","17,7","17,7",13007500,,,,,,,,,
09/03/15,"18,11","18,32","18,02","18,28",10320800,,,,,,,,,
06/03/15,"18,37","18,44","18,11","18,22",7187400,,,,,,,,,
05/03/15,"18,34","18,53","18,21","18,32",11617300,,,,,,,,,
04/03/15,"18,14","18,42",18,"18,23",12388800,,,,,,,,,
03/03/15,"18,18","18,52","18,05","18,43",8909200,,,,,,,,,
02/03/15,"18,31","18,33","18,03","18,08",8697000,,,,,,,,,
27/02/15,"18,31","18,88","18,29","18,34",18420400,,,,,,,,,
26/02/15,"18,39","18,39","18,08","18,3",14931800,,,,,,,,,
25/02/15,"18,44","18,44","18,17","18,3",9609200,,,,,,,,,
24/02/15,"18,48","18,6","18,36","18,54",9160000,,,,,,,,,
23/02/15,"18,16","18,48","18,16","18,38",9030900,,,,,,,,,
20/02/15,"18,29","18,3","18,05","18,2",5355600,,,,,,,,,
19/02/15,"18,16","18,36","18,06","18,24",4405200,,,,,,,,,
18/02/15,"18,13","18,38","18,05","18,25",12727900,,,,,,,,,
13/02/15,"18,14","18,22","17,81","17,96",8796300,,,,,,,,,
12/02/15,"18,09","18,19","17,96","18,1",9614700,,,,,,,,,
11/02/15,"17,97","18,07","17,68","17,84",12093100,,,,,,,,,
10/02/15,"18,06","18,13","17,83","17,98",10119700,,,,,,,,,
09/02/15,"17,88","18,16","17,75","18,16",9999800,,,,,,,,,
06/02/15,"17,59","17,92","17,35","17,85",9869800,,,,,,,,,
05/02/15,"17,34","17,68","17,16","17,6",10386500,,,,,,,,,
04/02/15,"17,52","17,7","17,22","17,33",11261700,,,,,,,,,
03/02/15,"17,58","17,72","17,38","17,5",9871800,,,,,,,,,
02/02/15,"17,52","17,63","17,28","17,39",9326900,,,,,,,,,
30/01/15,"17,44","17,87","17,31","17,63",18606800,,,,,,,,,
29/01/15,"17,08","17,72","16,95","17,67",16861100,,,,,,,,,
28/01/15,"16,83","17,18","16,78","17,11",9544600,,,,,,,,,
27/01/15,"16,87","17,03","16,77","16,95",9816700,,,,,,,,,
26/01/15,"16,88","17,12","16,81","17,02",7197500,,,,,,,,,
23/01/15,"17,05","17,21","16,99","17,1",7149600,,,,,,,,,
22/01/15,"17,2","17,4","16,98","17,22",10960500,,,,,,,,,
21/01/15,"16,95","17,2","16,84","17,1",9278400,,,,,,,,,
20/01/15,"16,78","16,95","16,69","16,88",6933900,,,,,,,,,
19/01/15,"16,81","16,9","16,54","16,64",6128600,,,,,,,,,
16/01/15,"16,74",17,"16,69","16,9",9028900,,,,,,,,,
15/01/15,"16,69","16,99","16,61","16,68",12475600,,,,,,,,,
14/01/15,"16,53","16,79","16,53","16,67",9182300,,,,,,,,,
13/01/15,"16,7","16,99","16,66","16,72",19050000,,,,,,,,,
12/01/15,"16,55","16,82","16,41","16,78",11130900,,,,,,,,,
09/01/15,"16,47","16,65","16,3","16,47",10734200,,,,,,,,,
08/01/15,"16,43","16,68","16,26","16,48",8854500,,,,,,,,,
07/01/15,"16,34","16,72","16,14","16,51",19740500,,,,,,,,,
06/01/15,"15,73","16,22","15,56","16,11",18158400,,,,,,,,,
05/01/15,"15,91","15,97","15,54","15,66",13547300,,,,,,,,,
02/01/15,"16,14","16,56","15,77","16,01",18867400,,,,,,,,,
30/12/14,"16,45","16,58","16,28","16,35",9346400,,,,,,,,,
29/12/14,"16,21","16,58","16,14","16,37",5011600,,,,,,,,,
26/12/14,"16,3","16,49","16,2","16,22",4045000,,,,,,,,,
23/12/14,"16,25","16,4","16,13","16,37",5758500,,,,,,,,,
22/12/14,16,"16,35","15,89","16,35",6702200,,,,,,,,,
19/12/14,"16,04","16,06","15,81","15,95",9843500,,,,,,,,,
18/12/14,"15,89","16,07","15,7","15,82",10240600,,,,,,,,,
17/12/14,"15,6","15,99","15,4","15,82",23822200,,,,,,,,,
16/12/14,"15,22","15,99","15,2","15,45",15979400,,,,,,,,,
15/12/14,"15,62","15,8",15,"15,43",14706800,,,,,,,,,
12/12/14,"15,8","15,94","15,5","15,5",13341800,,,,,,,,,
11/12/14,"15,82","16,03","15,59","15,99",15088900,,,,,,,,,
10/12/14,"15,67","15,88","15,57","15,8",7873800,,,,,,,,,
09/12/14,"15,7","15,82","15,32","15,68",12350800,,,,,,,,,
08/12/14,"15,99","16,01","15,65","15,75",10495300,,,,,,,,,
05/12/14,"15,8","16,03","15,65",16,9059200,,,,,,,,,
04/12/14,"15,85","15,92","15,48","15,71",9531100,,,,,,,,,
03/12/14,"15,81","15,98","15,67","15,76",7319500,,,,,,,,,
02/12/14,"16,1","16,16","15,63","15,7",17163000,,,,,,,,,
01/12/14,"16,58","16,77","15,98","16,01",17520500,,,,,,,,,
28/11/14,"16,67","16,94","16,59","16,85",9613000,,,,,,,,,
27/11/14,"16,57","16,92","16,48","16,56",5570400,,,,,,,,,
26/11/14,17,"17,05","16,54","16,64",9356300,,,,,,,,,
25/11/14,"16,9","17,04","16,7","16,83",16359800,,,,,,,,,
24/11/14,"17,28","17,45","16,78","16,87",12841900,,,,,,,,,
21/11/14,"16,49","17,26","16,49","17,13",21950100,,,,,,,,,
19/11/14,"16,16","16,55","16,13","16,54",14719200,,,,,,,,,
18/11/14,"16,03","16,18","15,91","16,18",8915700,,,,,,,,,
17/11/14,"15,74","16,12","15,7","15,87",6570800,,,,,,,,,
14/11/14,"15,89","16,13","15,75","15,82",14506700,,,,,,,,,
13/11/14,"16,32","16,52",16,16,10419500,,,,,,,,,
12/11/14,"15,94","16,47","15,81","16,37",13172900,,,,,,,,,
11/11/14,"16,15","16,21","15,84",16,9045600,,,,,,,,,
10/11/14,"16,54","16,55","16,32","16,32",7668000,,,,,,,,,
07/11/14,"16,27","16,59","16,16","16,44",10362200,,,,,,,,,
06/11/14,"16,17","16,33","16,08","16,29",15148600,,,,,,,,,
05/11/14,"16,16","16,45","16,15","16,35",11504600,,,,,,,,,
04/11/14,"16,3","16,36","15,95","16,35",10972200,,,,,,,,,
03/11/14,"16,2","16,27","15,94","16,2",13515700,,,,,,,,,
31/10/14,"15,6","16,4","15,26","16,4",25936300,,,,,,,,,
30/10/14,"15,69","15,79","15,51","15,71",12384100,,,,,,,,,
29/10/14,"15,49","15,84","15,47","15,63",13143800,,,,,,,,,
28/10/14,"15,56","15,81","15,38","15,62",15164200,,,,,,,,,
27/10/14,"15,02","15,66","14,95","15,65",46348100,,,,,,,,,
24/10/14,"15,25","15,83","14,99","15,71",25987500,,,,,,,,,
23/10/14,"15,38","15,48","15,01","15,2",31522500,,,,,,,,,
22/10/14,"15,59","15,84","15,42","15,53",12812100,,,,,,,,,
21/10/14,"15,8","15,96","15,39","15,59",21178000,,,,,,,,,
20/10/14,"15,98","16,18","15,76","15,91",11281100,,,,,,,,,
17/10/14,"15,88","16,22","15,58","16,07",14251000,,,,,,,,,
16/10/14,"15,5","15,96","15,5","15,55",13797300,,,,,,,,,
15/10/14,"15,89","16,06","15,6","15,77",16748200,,,,,,,,,
14/10/14,"15,99","16,3","15,96","16,13",8396900,,,,,,,,,
13/10/14,"16,18","16,33","15,88","16,07",12410500,,,,,,,,,
10/10/14,"15,92","16,22","15,71","15,71",11118000,,,,,,,,,
09/10/14,"16,4","16,48","16,05","16,1",11922800,,,,,,,,,
08/10/14,"16,6","16,66","16,02","16,14",15437300,,,,,,,,,
07/10/14,"16,77","16,8","16,37","16,44",14650300,,,,,,,,,
06/10/14,"16,62","16,93","16,38","16,62",26325300,,,,,,,,,
03/10/14,"15,96","16,28","15,69","16,2",11465500,,,,,,,,,
02/10/14,"15,55","15,99","15,3","15,97",14606500,,,,,,,,,
01/10/14,"15,85","16,02","15,4","15,6",19281900,,,,,,,,,
30/09/14,"16,05","16,23","15,93","16,04",11426900,,,,,,,,,
29/09/14,"16,11","16,21","15,81","16,16",17451600,,,,,,,,,
26/09/14,"16,4","16,56","16,24","16,41",7623800,,,,,,,,,
25/09/14,"16,35","16,48","16,17","16,36",10680500,,,,,,,,,
24/09/14,"16,41","16,54","16,13","16,5",9900300,,,,,,,,,
23/09/14,"16,21","16,45","16,18","16,39",9367200,,,,,,,,,
22/09/14,"16,18","16,48","16,16","16,44",12101000,,,,,,,,,
19/09/14,"16,2","16,53","16,12","16,4",14591600,,,,,,,,,
18/09/14,"15,96","16,45","15,81","16,18",19647800,,,,,,,,,
17/09/14,"16,35","16,41","15,91","15,95",13529100,,,,,,,,,
16/09/14,"16,05","16,52",16,"16,23",16372600,,,,,,,,,
15/09/14,"15,54","16,05","15,52","16,05",10730700,,,,,,,,,
12/09/14,"15,6",16,"15,47","15,47",16301300,,,,,,,,,
11/09/14,16,"16,13","15,8","15,8",9194700,,,,,,,,,
10/09/14,"15,58","15,93","15,53","15,93",10825400,,,,,,,,,
09/09/14,"15,62","15,78","15,57","15,7",13819200,,,,,,,,,
08/09/14,"16,2","16,23","15,74","15,76",11140200,,,,,,,,,
05/09/14,"16,3","16,38",16,16,7072700,,,,,,,,,
04/09/14,"16,16","16,35","16,05","16,35",9962600,,,,,,,,,
03/09/14,"15,97","16,29","15,97","16,23",9600200,,,,,,,,,
02/09/14,"16,05","16,15","15,84","15,97",11744500,,,,,,,,,
01/09/14,"16,42","16,49","15,94","15,96",8296700,,,,,,,,,
29/08/14,"16,5","16,5","16,23","16,3",21436200,,,,,,,,,
28/08/14,"16,45","16,64","16,27","16,33",11740900,,,,,,,,,
27/08/14,"16,66","16,66","16,45","16,55",13137200,,,,,,,,,
26/08/14,"16,67","16,79","16,4","16,55",9071400,,,,,,,,,
25/08/14,"16,39","16,71","16,31","16,62",9755700,,,,,,,,,
22/08/14,"16,22","16,35","16,12","16,25",10646200,,,,,,,,,
21/08/14,"16,35","16,44","16,1","16,31",10371600,,,,,,,,,
20/08/14,"16,23","16,45","16,21","16,38",8080600,,,,,,,,,
19/08/14,"16,19","16,35","16,07","16,3",20017500,,,,,,,,,
18/08/14,"15,99","16,15","15,91","16,14",15492000,,,,,,,,,
15/08/14,"15,81","15,94","15,62","15,9",9714500,,,,,,,,,
14/08/14,"15,59","15,72","15,54","15,72",7121800,,,,,,,,,
13/08/14,"15,83","15,93","15,43","15,69",15057500,,,,,,,,,
12/08/14,"15,77","15,94","15,7","15,83",6145700,,,,,,,,,
11/08/14,"15,81","15,92","15,69","15,87",8927400,,,,,,,,,
08/08/14,"15,47","15,7","15,45","15,7",13860500,,,,,,,,,
07/08/14,"15,55","15,69","15,5","15,55",9835500,,,,,,,,,
06/08/14,"15,34","15,59","15,01","15,46",25240000,,,,,,,,,
05/08/14,"15,62","15,65","15,27","15,33",11689200,,,,,,,,,
04/08/14,"15,68","15,73","15,42","15,67",11118500,,,,,,,,,
01/08/14,"15,69","15,77","15,55","15,66",10318900,,,,,,,,,
31/07/14,"16,05","16,12","15,62","15,67",20092300,,,,,,,,,
30/07/14,"16,5","16,54","16,37","16,4",7180300,,,,,,,,,
29/07/14,"16,3","16,58","16,22","16,4",5431800,,,,,,,,,
28/07/14,"16,64","16,72","16,46","16,46",8544800,,,,,,,,,
25/07/14,"16,74","16,79","16,57","16,6",12614000,,,,,,,,,
24/07/14,"16,55","16,76","16,51","16,72",5548100,,,,,,,,,
23/07/14,"16,5","16,68","16,39","16,47",7457500,,,,,,,,,
22/07/14,"16,82","16,82","16,56","16,67",8544600,,,,,,,,,
21/07/14,"16,59","16,88","16,51","16,81",9727300,,,,,,,,,
18/07/14,"16,3","16,63","16,26","16,63",19504400,,,,,,,,,
17/07/14,"15,99","16,33","15,94","16,2",11437900,,,,,,,,,
16/07/14,"15,75","16,06","15,7","16,02",12148500,,,,,,,,,
15/07/14,"15,63","15,71","15,52","15,71",14906700,,,,,,,,,
14/07/14,"15,86","15,87","15,5","15,6",16350400,,,,,,,,,
11/07/14,"15,65","15,75","15,62","15,7",10040700,,,,,,,,,
10/07/14,"16,04","16,23","15,65","15,67",30037700,,,,,,,,,
08/07/14,"16,08","16,12","15,92","16,07",5275900,,,,,,,,,
07/07/14,"16,25","16,25","16,02","16,09",7203200,,,,,,,,,
04/07/14,"16,26","16,36","16,07","16,32",2821300,,,,,,,,,
03/07/14,"15,86","16,3","15,83","16,3",9671100,,,,,,,,,
02/07/14,"15,99",16,"15,82",16,9280800,,,,,,,,,
01/07/14,"15,78","16,03","15,71","16,03",7857800,,,,,,,,,
30/06/14,"15,52","15,76","15,5","15,76",10253200,,,,,,,,,
27/06/14,"15,64","15,72","15,5","15,54",6151500,,,,,,,,,
26/06/14,"15,62","15,75","15,51","15,68",8429800,,,,,,,,,
25/06/14,"15,6","15,75","15,51","15,51",9253600,,,,,,,,,
24/06/14,"15,66","15,72","15,57","15,58",11901000,,,,,,,,,
23/06/14,"15,96","16,04","15,64","15,65",6544900,,,,,,,,,
20/06/14,"15,94",16,"15,84",16,6985000,,,,,,,,,
18/06/14,"15,63","15,96","15,61","15,96",9910800,,,,,,,,,
17/06/14,"15,68","15,73","15,44","15,55",5580700,,,,,,,,,
16/06/14,"15,91",16,"15,65","15,65",12117400,,,,,,,,,
13/06/14,"16,1","16,18","15,78","15,85",10169100,,,,,,,,,
11/06/14,"16,43","16,5","15,99","16,08",16083200,,,,,,,,,
10/06/14,"16,23","16,4","16,17","16,33",13701200,,,,,,,,,
09/06/14,"16,29","16,45","16,22","16,4",12879700,,,,,,,,,
06/06/14,"16,32","16,39","16,18","16,3",13288600,,,,,,,,,
05/06/14,"16,23","16,33","15,95","16,08",7760400,,,,,,,,,
04/06/14,"16,29","16,33","16,08","16,21",8040500,,,,,,,,,
03/06/14,"16,29","16,42","16,2","16,35",11341700,,,,,,,,,
02/06/14,"15,93","16,32","15,9","16,3",11608000,,,,,,,,,
30/05/14,"16,06","16,22","15,86","15,86",14074900,,,,,,,,,
29/05/14,"16,2","16,23","16,03","16,15",5239800,,,,,,,,,
28/05/14,"16,19","16,25",16,"16,15",8311400,,,,,,,,,
27/05/14,"16,68","16,68","16,05","16,12",11292900,,,,,,,,,
26/05/14,"16,65","16,67","16,47","16,65",3502400,,,,,,,,,
23/05/14,"16,66","16,68","16,54","16,58",3834500,,,,,,,,,
22/05/14,"16,44","16,71","16,44","16,71",7596500,,,,,,,,,
21/05/14,"16,34","16,53","16,25","16,5",10919000,,,,,,,,,
20/05/14,"16,42","16,7","16,25","16,3",10321600,,,,,,,,,
19/05/14,"16,58","16,58","16,3","16,49",7715500,,,,,,,,,
16/05/14,"16,54","16,67","16,33","16,55",8085100,,,,,,,,,
15/05/14,"16,6","16,65","16,39","16,5",4994300,,,,,,,,,
14/05/14,"16,67","16,8","16,58","16,7",7468600,,,,,,,,,
13/05/14,"16,66","17,03","16,46","16,6",16782100,,,,,,,,,
12/05/14,"16,62","16,71","16,52","16,68",7264900,,,,,,,,,
09/05/14,"16,3","16,58","16,2","16,53",11118400,,,,,,,,,
08/05/14,"16,32","16,47","16,22","16,3",8708300,,,,,,,,,
07/05/14,"16,6","16,62","16,13","16,3",13842300,,,,,,,,,
06/05/14,"16,52","16,72","16,29","16,65",15107400,,,,,,,,,
05/05/14,"16,12","16,59","16,02","16,5",15801700,,,,,,,,,
02/05/14,"16,2","16,38","15,95","16,01",34124500,,,,,,,,,
30/04/14,"16,6","16,7","16,18","16,3",39124500,,,,,,,,,
29/04/14,"17,4","17,45","17,12","17,16",10039500,,,,,,,,,
28/04/14,"17,18","17,37","17,15","17,24",8414700,,,,,,,,,
25/04/14,"17,37","17,44","17,11","17,27",7585100,,,,,,,,,
24/04/14,"17,69","17,7","17,21","17,4",8664900,,,,,,,,,
23/04/14,"17,79","17,79","17,52","17,63",6273200,,,,,,,,,
22/04/14,"17,34","17,84","17,33","17,84",10885400,,,,,,,,,
17/04/14,"17,48","17,56","17,3","17,39",10654200,,,,,,,,,
16/04/14,"17,34","17,49","17,2","17,49",12174300,,,,,,,,,
15/04/14,"17,2","17,34","16,95","17,34",8347200,,,,,,,,,
14/04/14,"17,38","17,47","17,19","17,37",5698900,,,,,,,,,
11/04/14,"16,89","17,4","16,77","17,4",9640300,,,,,,,,,
10/04/14,"16,78","16,98","16,74","16,98",11258900,,,,,,,,,
09/04/14,"16,78","16,93","16,62","16,8",8181000,,,,,,,,,
08/04/14,"17,05","17,05","16,68","16,82",17892400,,,,,,,,,
07/04/14,"17,11","17,14","16,81","16,9",13242800,,,,,,,,,
04/04/14,"17,34","17,4","16,85","16,9",13662200,,,,,,,,,
03/04/14,"17,2","17,38","17,03","17,18",11105300,,,,,,,,,
02/04/14,"17,13","17,4","17,01","17,3",10001400,,,,,,,,,
01/04/14,"16,91","17,1","16,8","17,1",8456900,,,,,,,,,
31/03/14,17,"17,08","16,84","16,95",12152800,,,,,,,,,
28/03/14,"17,02","17,15","16,89","16,95",9562300,,,,,,,,,
27/03/14,"16,71","17,05","16,7","17,05",14037200,,,,,,,,,
26/03/14,"16,81","16,86","16,6","16,65",9429300,,,,,,,,,
25/03/14,"16,87","16,89","16,61","16,74",6953700,,,,,,,,,
24/03/14,"16,73","16,82","16,64","16,76",8774500,,,,,,,,,
21/03/14,"16,63","17,14","16,63","16,66",13422300,,,,,,,,,
20/03/14,"16,68","16,81","16,56","16,76",8908400,,,,,,,,,
19/03/14,"16,6","16,85","16,45","16,77",10131200,,,,,,,,,
18/03/14,"16,64","16,81","16,61","16,79",10797000,,,,,,,,,
17/03/14,"16,45","16,69","16,27","16,67",7592400,,,,,,,,,
14/03/14,"16,59","16,59","16,36","16,36",7876200,,,,,,,,,
13/03/14,"16,79","16,81","16,42","16,6",11617900,,,,,,,,,
12/03/14,"16,6","16,73","16,53","16,72",7624500,,,,,,,,,
11/03/14,"16,69","16,89","16,5","16,7",7977600,,,,,,,,,
10/03/14,"16,74","16,76","16,43","16,69",11176500,,,,,,,,,
07/03/14,"16,89","16,98","16,68","16,76",11858900,,,,,,,,,
06/03/14,"16,86","17,01","16,72","16,87",7500800,,,,,,,,,
05/03/14,"16,79","16,99","16,5","16,8",8477300,,,,,,,,,
28/02/14,"16,9","17,03","16,65","16,88",13347100,,,,,,,,,
27/02/14,"16,77","16,99","16,66","16,89",6766000,,,,,,,,,
26/02/14,"16,87","16,99","16,7","16,78",8058300,,,,,,,,,
25/02/14,"16,46","16,84","16,38","16,6",6888600,,,,,,,,,
24/02/14,"16,57","16,78","16,36","16,6",5287700,,,,,,,,,
21/02/14,"16,5","16,86","16,38","16,58",6901800,,,,,,,,,
20/02/14,"16,29","16,76","16,06","16,53",6779500,,,,,,,,,
19/02/14,16,"16,34","15,9","16,34",7056200,,,,,,,,,
18/02/14,"16,43","16,58","16,15","16,15",9265900,,,,,,,,,
17/02/14,"16,67","16,75","16,54","16,56",3887900,,,,,,,,,
14/02/14,"16,37","16,71","16,32","16,68",12796500,,,,,,,,,
13/02/14,"16,01","16,33","15,75","16,33",9117800,,,,,,,,,
12/02/14,"16,6","16,65","16,15","16,15",9601900,,,,,,,,,
11/02/14,"16,24","16,64","16,16","16,6",7878800,,,,,,,,,
10/02/14,"16,23","16,35","15,96","16,14",5289900,,,,,,,,,
07/02/14,"16,08","16,4","15,92","16,39",7403000,,,,,,,,,
06/02/14,"15,49","16,25","15,38","16,17",13416200,,,,,,,,,
05/02/14,"15,55","15,59","15,15","15,44",11609700,,,,,,,,,
04/02/14,"15,6","15,68","15,27","15,57",9213300,,,,,,,,,
03/02/14,"15,93","16,15","15,41","15,5",13735500,,,,,,,,,
31/01/14,"15,76","16,19","15,5","16,09",13132100,,,,,,,,,
30/01/14,"16,06","16,15","15,66","15,87",7515000,,,,,,,,,
29/01/14,"16,15","16,48","15,82","16,05",10453600,,,,,,,,,
28/01/14,"16,3","16,51","16,1","16,1",10879500,,,,,,,,,
27/01/14,"16,44","16,59","16,04","16,04",7496000,,,,,,,,,
24/01/14,"16,72","16,75","16,1","16,43",13478000,,,,,,,,,
23/01/14,17,"17,24","16,55","16,55",15352600,,,,,,,,,
22/01/14,"17,01","17,16","16,92","17,14",12101900,,,,,,,,,
21/01/14,"16,77","17,13","16,67","16,9",7026100,,,,,,,,,
20/01/14,"16,63","16,8","16,57","16,7",2751800,,,,,,,,,
17/01/14,"16,82","16,86","16,6","16,64",4752000,,,,,,,,,
16/01/14,"17,02","17,12","16,74","16,78",5800100,,,,,,,,,
15/01/14,"17,12","17,2","16,92",17,6145200,,,,,,,,,
14/01/14,"17,03","17,32","16,96","17,25",7095200,,,,,,,,,
13/01/14,"17,18","17,27","17,03","17,04",5050800,,,,,,,,,
10/01/14,"17,1","17,23","16,89","17,2",13781500,,,,,,,,,
09/01/14,"17,46","17,49","17,01","17,09",8787000,,,,,,,,,
08/01/14,"17,35","17,57","17,24","17,5",11367000,,,,,,,,,
07/01/14,"17,04","17,4","16,94","17,33",18665300,,,,,,,,,
06/01/14,"16,95","17,09","16,55","16,8",9328400,,,,,,,,,
03/01/14,"17,41","17,44","16,9","16,9",24766000,,,,,,,,,
02/01/14,"17,3","17,5","17,18","17,39",8011000,,,,,,,,,
30/12/13,"17,2","17,39","17,05","17,32",3833300,,,,,,,,,
27/12/13,17,"17,22","16,94","17,1",5211700,,,,,,,,,
26/12/13,17,"17,13","16,94","16,94",3559000,,,,,,,,,
23/12/13,17,"17,19","16,95","17,07",4834300,,,,,,,,,
20/12/13,17,"17,04","16,82","16,95",6232300,,,,,,,,,
19/12/13,17,"17,04","16,66","17,03",7432100,,,,,,,,,
18/12/13,"16,59","16,88","16,56","16,7",10423500,,,,,,,,,
17/12/13,"16,56","16,68","16,27","16,5",6671500,,,,,,,,,
16/12/13,"16,39","16,66","16,22","16,51",7405500,,,,,,,,,
13/12/13,"16,7","16,78","16,31","16,41",5949400,,,,,,,,,
12/12/13,"16,85","16,93","16,53","16,6",6630100,,,,,,,,,
11/12/13,"16,8","17,01","16,71","16,87",5106200,,,,,,,,,
10/12/13,"16,95","17,04","16,65","16,8",6006700,,,,,,,,,
09/12/13,"16,84",17,"16,64","16,99",12360400,,,,,,,,,
06/12/13,"17,02","17,09","16,71","16,74",9004800,,,,,,,,,
05/12/13,"16,83","17,04","16,6","16,85",10741700,,,,,,,,,
04/12/13,"17,25","17,36","16,6","16,6",23923700,,,,,,,,,
03/12/13,"17,43","17,49","16,85","17,16",12956400,,,,,,,,,
02/12/13,"17,4","17,73","17,37","17,51",9394700,,,,,,,,,
29/11/13,"17,46","17,69","17,37","17,56",5408400,,,,,,,,,
28/11/13,"17,64","17,64","17,33","17,46",3764400,,,,,,,,,
27/11/13,"17,59","17,7","17,23","17,57",6081600,,,,,,,,,
26/11/13,"17,25","17,6","17,2","17,6",10858500,,,,,,,,,
25/11/13,"17,49","17,59","17,05","17,39",6088500,,,,,,,,,
22/11/13,"17,25","17,6","17,16","17,46",6109400,,,,,,,,,
21/11/13,"17,25","17,42","17,15","17,27",7522100,,,,,,,,,
19/11/13,"17,6","17,8","17,03","17,37",9985100,,,,,,,,,
18/11/13,"17,33","17,65","17,31","17,65",10857900,,,,,,,,,
14/11/13,"17,25","17,5","17,05","17,47",14056600,,,,,,,,,
13/11/13,"17,09","17,19","16,83","17,03",6328500,,,,,,,,,
12/11/13,"17,3","17,37","16,76","17,06",11572700,,,,,,,,,
11/11/13,"17,3","17,4","17,02","17,4",7547000,,,,,,,,,
